{"stats":{"minecraft:killed_by":{"minecraft:ghast":1,"minecraft:piglin_brute":3,"alexsmobs:straddler":1,"twilightforest:kobold":3,"minecraft:piglin":1,"minecraft:zombie":2,"alexsmobs:grizzly_bear":1,"minecraft:player":4,"cataclysm:ignited_revenant":9,"minecraft:spider":1,"cataclysm:ignis":17,"iceandfire:ghost":1},"minecraft:killed":{"minecraft:zombified_piglin":3,"minecraft:spider":2,"mysticsbiomes:rainbow_chicken":1,"minecraft:chicken":1,"minecraft:silverfish":11,"minecraft:piglin_brute":1,"artifacts:mimic":1,"minecraft:magma_cube":25,"minecraft:piglin":1,"minecraft:pig":5,"minecraft:salmon":7,"mysticsbiomes:butterfly":1,"alexsmobs:stradpole":1,"minecraft:sheep":7,"minecraft:goat":2,"minecraft:zombie":1,"alexsmobs:terrapin":1,"alexsmobs:fly":1,"cataclysm:ignited_revenant":1,"alexsmobs:raccoon":1,"minecraft:phantom":1,"alexsmobs:catfish":1,"iceandfire:ghost":5,"minecraft:villager":1},"minecraft:picked_up":{"minecraft:wheat":56,"minecraft:nether_brick_fence":3,"minecraft:anvil":3,"mysticsbiomes:maple_sapling":1,"minecraft:enchanted_book":1,"minecraft:gilded_blackstone":3,"minecraft:brewing_stand":1,"minecraft:amethyst_block":82,"minecraft:string":5,"minecraft:raw_copper":115,"mysticsbiomes:jacaranda_log":91,"minecraft:shroomlight":9,"minecraft:diamond_leggings":1,"minecraft:cobbled_deepslate":3007,"minecraft:gold_nugget":408,"minecraft:smooth_stone":16,"meadow:enzian":2,"minecraft:bucket":1,"minecraft:written_book":1,"minecraft:calcite":6,"minecraft:netherite_upgrade_smithing_template":6,"minecraft:iron_pickaxe":4,"mysticsbiomes:butterfly_nest":1,"minecraft:melon_slice":74,"minecraft:furnace":9,"minecraft:tipped_arrow":1,"minecraft:stick":165,"minecraft:polished_blackstone_stairs":1,"minecraft:composter":1,"mysticsbiomes:lavender":19,"minecraft:torch":86,"mysticsbiomes:orange_maple_sapling":17,"minecraft:porkchop":10,"iceandfire:rotten_egg":2,"cataclysm:burning_ashes":1,"minecraft:pointed_dripstone":12,"tombstone:grave_dust":1,"minecraft:diorite":19,"minecraft:chiseled_nether_bricks":1,"minecraft:stone_sword":1,"farmersdelight:fried_egg":20,"minecraft:rotten_flesh":6,"netherdungeons:shroomglight":13,"mysticsbiomes:jacaranda_planks":114,"meadow:rocky_wool":1,"minecraft:cobblestone":136,"minecraft:birch_log":30,"minecraft:magma_block":80,"minecraft:feather":1,"minecraft:andesite":7,"minecraft:smoker":4,"minecraft:flint":12,"minecraft:tuff":127,"minecraft:warped_trapdoor":1,"skilltree:gem":39,"minecraft:lapis_lazuli":244,"mysticsbiomes:jacaranda_door":1,"minecraft:dirt":145,"minecraft:lantern":9,"minecraft:name_tag":2,"minecraft:bone":6,"minecraft:wheat_seeds":163,"meadow:wooden_flower_pot_big":1,"minecraft:raw_gold":68,"meadow:cobbled_limestone":577,"netherdungeons:warped_nether_wart":4,"artifacts:antidote_vessel":4,"minecraft:glowstone_dust":53,"minecraft:oak_planks":122,"twilightforest:mushgloom":1,"spartanshields:iron_tower_shield":1,"minecraft:warped_wart_block":9,"minecraft:sand":8,"minecraft:nether_brick_stairs":9,"minecraft:barrel":3,"minecraft:diamond":227,"iceandfire:lectern":2,"minecraft:crossbow":1,"meadow:cooking_cauldron":2,"minecraft:granite":22,"minecraft:bone_meal":2,"minecraft:bread":1,"alexsmobs:maggot":1,"minecraft:oak_sapling":68,"minecraft:netherrack":1702,"iceandfire:silver_nugget":8,"iceandfire:raw_silver":14,"minecraft:diamond_pickaxe":5,"minecraft:charcoal":2,"minecraft:crafting_table":11,"minecraft:chicken":2,"minecraft:clay_ball":40,"minecraft:wooden_pickaxe":4,"minecraft:gold_block":18,"minecraft:flint_and_steel":1,"minecraft:polished_blackstone_wall":4,"minecraft:blackstone":13,"minecraft:candle":11,"minecraft:netherite_sword":1,"minecraft:light_gray_wool":3,"minecraft:chest":10,"meadow:alpine_salt":16,"minecraft:birch_sapling":9,"minecraft:egg":38,"minecraft:raw_iron":61,"minecraft:oak_door":3,"minecraft:polished_blackstone_bricks":57,"minecraft:carrot":29,"minecraft:redstone":482,"minecraft:arrow":1,"minecraft:diamond_chestplate":1,"meadow:camera":5,"minecraft:pumpkin_pie":16,"minecraft:nether_bricks":18,"minecraft:gold_ingot":18,"minecraft:polished_blackstone":1,"minecraft:mutton":9,"minecraft:nether_brick_wall":4,"minecraft:skeleton_skull":2,"minecraft:white_wool":5,"minecraft:basalt":54,"minecraft:crimson_stem":5,"minecraft:salmon":4,"mysticsbiomes:jacaranda_pressure_plate":2,"minecraft:birch_planks":24,"mysticsbiomes:jacaranda_sapling":58,"minecraft:oak_log":132,"minecraft:ancient_debris":22,"iceandfire:ectoplasm":4,"minecraft:yellow_bed":3,"minecraft:nether_wart_block":4,"meadow:pine_planks":85,"tombstone:gift":1,"minecraft:cooked_mutton":2,"minecraft:apple":6,"meadow:pine_sapling":12,"minecraft:iron_ingot":6,"minecraft:stone_pickaxe":6,"meadow:patched_wool":11,"minecraft:iron_sword":3,"minecraft:soul_sand":4,"minecraft:book":85,"meadow:frame":1,"minecraft:smooth_basalt":4,"iceandfire:copper_nugget":14,"minecraft:warped_fungus":1,"minecraft:pumpkin":3,"minecraft:sweet_berries":65,"minecraft:quartz":512,"minecraft:dripstone_block":7,"minecraft:gravel":172,"minecraft:amethyst_shard":179,"minecraft:blast_furnace":1,"minecraft:white_bed":4,"minecraft:nether_brick_slab":1,"meadow:pine_log":34,"minecraft:spider_eye":1,"mysticsbiomes:maple_log":18,"netherdungeons:ominous_quartz_bricks":4,"minecraft:polished_blackstone_brick_wall":4,"minecraft:damaged_anvil":2,"minecraft:black_wool":3,"minecraft:coal":116,"minecraft:wooden_axe":3,"minecraft:ender_pearl":1},"minecraft:used":{"iceandfire:lectern":2,"minecraft:bone_block":6,"mysticsbiomes:butterfly_nest":1,"minecraft:chest":21,"minecraft:shield":6,"minecraft:iron_sword":13,"minecraft:mutton":1,"minecraft:carrot":15,"meadow:cobbled_limestone":7,"minecraft:glass":8,"minecraft:lava_bucket":2,"mysticsbiomes:jacaranda_planks":331,"minecraft:birch_sapling":4,"minecraft:lantern":9,"meadow:camera":6,"minecraft:sweet_berries":17,"minecraft:oak_sapling":28,"minecraft:furnace":7,"minecraft:skeleton_skull":2,"minecraft:diorite":11,"minecraft:damaged_anvil":2,"minecraft:oak_planks":62,"minecraft:stone_pickaxe":508,"mysticsbiomes:jacaranda_log":3,"minecraft:blackstone":10,"minecraft:wooden_pickaxe":68,"minecraft:composter":1,"minecraft:diamond_axe":666,"minecraft:golden_apple":6,"mysticsbiomes:jacaranda_door":6,"minecraft:blast_furnace":1,"minecraft:crossbow":2,"minecraft:dripstone_block":6,"mysticsbiomes:jacaranda_pressure_plate":2,"minecraft:melon_slice":37,"minecraft:bread":52,"minecraft:gravel":1,"mysticsbiomes:lavender":8,"mysticsbiomes:orange_maple_sapling":18,"minecraft:diamond_sword":115,"minecraft:wooden_sword":45,"minecraft:golden_pickaxe":32,"minecraft:netherite_sword":254,"minecraft:stone_sword":55,"minecraft:flint_and_steel":9,"meadow:cooking_cauldron":1,"minecraft:netherrack":120,"minecraft:oak_door":3,"minecraft:torch":135,"minecraft:brewing_stand":1,"minecraft:dirt":40,"minecraft:warped_wart_block":9,"minecraft:anvil":1,"minecraft:shroomlight":9,"minecraft:iron_hoe":12,"minecraft:wooden_axe":61,"minecraft:bookshelf":8,"meadow:wooden_flower_pot_big":2,"minecraft:barrel":3,"minecraft:light_gray_wool":1,"minecraft:basalt":39,"tombstone:gift":10,"minecraft:cobbled_deepslate":201,"farmersdelight:fried_egg":23,"minecraft:pointed_dripstone":3,"minecraft:cooked_mutton":1,"minecraft:wheat_seeds":73,"minecraft:water_bucket":14,"mysticsbiomes:maple_sapling":1,"mysticsbiomes:maple_planks":8,"minecraft:chiseled_bookshelf":2,"minecraft:amethyst_block":3,"minecraft:birch_planks":110,"mysticsbiomes:jacaranda_sapling":55,"meadow:frame":1,"netherdungeons:shroomglight":13,"minecraft:cauldron":1,"minecraft:polished_blackstone_bricks":39,"spartanshields:iron_tower_shield":71,"minecraft:gilded_blackstone":1,"minecraft:crafting_table":12,"minecraft:white_bed":3,"meadow:patched_bed":1,"minecraft:cake":1,"minecraft:smoker":2,"minecraft:diamond_pickaxe":2990,"minecraft:apple":10,"minecraft:iron_pickaxe":344,"minecraft:cobblestone":5,"minecraft:porkchop":2,"minecraft:cooked_porkchop":6,"minecraft:bucket":23,"minecraft:pumpkin_pie":1,"minecraft:yellow_bed":3,"meadow:pine_log":4,"minecraft:smooth_stone":14},"minecraft:custom":{"minecraft:animals_bred":12,"minecraft:interact_with_crafting_table":97,"minecraft:open_barrel":250,"minecraft:eat_cake_slice":5,"minecraft:leave_game":14,"minecraft:time_since_death":879,"minecraft:sprint_one_cm":1218214,"minecraft:damage_blocked_by_shield":3474,"minecraft:drop":303,"minecraft:talked_to_villager":1,"minecraft:play_time":696316,"minecraft:deaths":58,"minecraft:jump":3798,"minecraft:interact_with_brewingstand":4,"minecraft:walk_on_water_one_cm":29297,"minecraft:interact_with_furnace":62,"minecraft:interact_with_loom":1,"minecraft:sleep_in_bed":13,"tombstone:sneak_grave":1,"minecraft:damage_dealt":10401,"minecraft:player_kills":1,"minecraft:crouch_one_cm":25678,"tombstone:undead_killed":11,"tombstone:villager_killed":1,"minecraft:interact_with_smoker":3,"minecraft:interact_with_smithing_table":9,"minecraft:interact_with_anvil":10,"minecraft:mob_kills":84,"minecraft:fill_cauldron":1,"minecraft:climb_one_cm":4504,"minecraft:walk_one_cm":1740317,"minecraft:sneak_time":12198,"minecraft:walk_under_water_one_cm":8060,"minecraft:interact_with_blast_furnace":18,"minecraft:total_world_time":696316,"tombstone:raider_killed":1,"minecraft:time_since_rest":1,"minecraft:damage_taken":20274,"minecraft:damage_absorbed":209,"minecraft:trigger_trapped_chest":2,"minecraft:swim_one_cm":19924,"minecraft:fly_one_cm":333078,"minecraft:open_chest":503,"minecraft:fall_one_cm":71608},"minecraft:broken":{"minecraft:golden_helmet":2,"minecraft:golden_boots":2,"minecraft:golden_leggings":1,"minecraft:stone_pickaxe":3,"minecraft:diamond_pickaxe":1,"minecraft:golden_chestplate":1,"spartanshields:iron_tower_shield":1,"minecraft:wooden_pickaxe":1,"minecraft:iron_pickaxe":2,"minecraft:golden_pickaxe":1},"minecraft:mined":{"meadow:cooking_cauldron":2,"mysticsbiomes:lavender":24,"meadow:alpine_salt_ore":4,"minecraft:white_bed":4,"minecraft:oak_sapling":1,"mysticsbiomes:jacaranda_log":102,"iceandfire:copper_pile":2,"minecraft:brewing_stand":1,"mysticsbiomes:jacaranda_blossoms":49,"minecraft:chiseled_polished_blackstone":1,"minecraft:grass_block":35,"meadow:camera":5,"meadow:pine_log":36,"minecraft:cracked_polished_blackstone_bricks":3,"iceandfire:lectern":2,"minecraft:composter":1,"minecraft:gilded_blackstone":6,"minecraft:spawner":2,"minecraft:smooth_stone":16,"minecraft:polished_blackstone_bricks":69,"minecraft:magma_block":34,"minecraft:glowstone":10,"minecraft:iron_ore":10,"minecraft:barrel":3,"minecraft:cobbled_deepslate":21,"minecraft:fire":21,"minecraft:pumpkin":3,"minecraft:deepslate_lapis_ore":11,"minecraft:nether_brick_stairs":4,"netherdungeons:shroomglight":16,"iceandfire:gold_pile":3,"minecraft:deepslate_redstone_ore":29,"minecraft:blackstone":12,"minecraft:smoker":1,"minecraft:crimson_nylium":4,"minecraft:amethyst_cluster":4,"minecraft:torch":2,"minecraft:blast_furnace":1,"netherdungeons:ominous_quartz_bricks":4,"minecraft:calcite":3,"minecraft:melon":10,"minecraft:chest":10,"minecraft:nether_brick_slab":1,"minecraft:glass":1,"minecraft:smooth_quartz_slab":2,"minecraft:nether_quartz_ore":76,"minecraft:cobblestone":3,"minecraft:oak_planks":23,"minecraft:sugar_cane":1,"mysticsbiomes:maple_log":18,"minecraft:damaged_anvil":2,"minecraft:wall_torch":78,"minecraft:amethyst_block":3,"minecraft:skeleton_skull":2,"meadow:pine_leaves_2":1,"minecraft:nether_wart_block":6,"minecraft:birch_log":30,"minecraft:wheat":60,"minecraft:light_gray_wool":1,"minecraft:warped_fungus":1,"meadow:limestone":479,"minecraft:grass":14,"minecraft:oak_log":141,"minecraft:sand":8,"minecraft:dirt":54,"mysticsbiomes:jacaranda_leaves":33,"minecraft:smooth_basalt":4,"minecraft:netherrack":937,"minecraft:ancient_debris":3,"minecraft:oak_leaves":37,"mysticsbiomes:butterfly_nest":1,"minecraft:deepslate":1486,"minecraft:infested_deepslate":3,"minecraft:nether_gold_ore":52,"minecraft:tuff":96,"minecraft:deepslate_diamond_ore":63,"minecraft:candle":1,"minecraft:oak_door":2,"minecraft:chiseled_bookshelf":2,"mysticsbiomes:jacaranda_pressure_plate":1,"iceandfire:deepslate_silver_ore":1,"minecraft:spruce_leaves":1,"minecraft:crimson_stem":10,"minecraft:large_fern":1,"mysticsbiomes:jacaranda_planks":108,"minecraft:furnace":4,"minecraft:carrots":3,"meadow:fire_lily":1,"minecraft:gold_block":19,"mysticsbiomes:maple_leaves":2,"minecraft:bookshelf":12,"minecraft:shroomlight":11,"minecraft:deepslate_iron_ore":14,"minecraft:vine":1,"minecraft:lantern":8,"meadow:pine_leaves":6,"minecraft:stone":103,"minecraft:basalt":69,"minecraft:crafting_table":9,"meadow:alpine_coal_ore":3,"minecraft:warped_roots":1,"farmersdelight:sweet_berry_cheesecake":1,"minecraft:campfire":1,"minecraft:copper_ore":3,"minecraft:tall_grass":6,"minecraft:lapis_ore":4,"minecraft:deepslate_gold_ore":8,"minecraft:polished_blackstone_brick_stairs":5,"minecraft:diorite":1,"minecraft:warped_wart_block":9,"mysticsbiomes:jacaranda_door":1,"minecraft:birch_planks":26,"meadow:wooden_flower_pot_big":1,"minecraft:birch_leaves":6,"minecraft:yellow_bed":3,"minecraft:coal_ore":20,"iceandfire:silver_pile":2,"minecraft:gravel":59,"meadow:cobbled_limestone":2,"minecraft:cobweb":1,"meadow:alpine_iron_ore":3,"mysticsbiomes:jacaranda_sapling":1,"minecraft:infested_stone":2,"minecraft:fern":1},"minecraft:dropped":{"minecraft:nether_brick_stairs":6,"minecraft:iron_sword":1,"minecraft:golden_pickaxe":1,"minecraft:diamond":55,"minecraft:cooked_porkchop":2,"minecraft:crossbow":1,"minecraft:netherite_upgrade_smithing_template":6,"iceandfire:ectoplasm":2,"minecraft:polished_blackstone_brick_wall":8,"minecraft:dirt":13,"minecraft:gold_nugget":77,"minecraft:pumpkin_pie":15,"minecraft:polished_blackstone_bricks":11,"minecraft:iron_pickaxe":6,"minecraft:gravel":71,"minecraft:ancient_debris":22,"minecraft:cobbled_deepslate":1860,"minecraft:pointed_dripstone":1,"minecraft:oak_planks":15,"minecraft:glowstone_dust":3,"mysticsbiomes:jacaranda_planks":1,"minecraft:basalt":14,"minecraft:quartz":419,"minecraft:netherrack":1990,"minecraft:chiseled_nether_bricks":2,"minecraft:polished_blackstone":1,"minecraft:dripstone_block":1,"minecraft:cobblestone":35,"minecraft:granite":4,"minecraft:golden_apple":2,"minecraft:stick":4,"minecraft:diorite":2,"minecraft:torch":18,"minecraft:melon_slice":28,"skilltree:gem":13,"minecraft:smooth_stone":2,"minecraft:bucket":1,"minecraft:nether_brick_slab":1,"minecraft:furnace":1,"minecraft:sweet_berries":18,"minecraft:tuff":107,"minecraft:nether_bricks":19,"minecraft:diamond_sword":1,"meadow:cobbled_limestone":475,"farmersdelight:fried_egg":1,"minecraft:diamond_chestplate":1,"minecraft:diamond_pickaxe":3,"minecraft:andesite":7,"minecraft:stone_pickaxe":8,"minecraft:magma_block":79},"minecraft:crafted":{"minecraft:brick":31,"minecraft:oak_planks":272,"meadow:camera":1,"minecraft:oak_pressure_plate":12,"minecraft:bookshelf":8,"minecraft:cooked_mutton":1,"minecraft:glass":8,"minecraft:diamond_helmet":1,"minecraft:diamond_leggings":1,"minecraft:iron_boots":1,"minecraft:chest":11,"minecraft:bricks":4,"minecraft:golden_boots":2,"minecraft:redstone_lamp":1,"minecraft:oak_slab":54,"minecraft:cooked_porkchop":8,"minecraft:cauldron":1,"minecraft:diamond_axe":1,"minecraft:crafting_table":5,"minecraft:iron_helmet":1,"minecraft:wooden_pickaxe":1,"minecraft:golden_pickaxe":2,"minecraft:copper_ingot":50,"meadow:patched_bed":1,"minecraft:birch_planks":120,"farmersdelight:skillet":1,"minecraft:diamond_pickaxe":3,"meadow:pine_planks":120,"minecraft:golden_leggings":1,"minecraft:shield":1,"minecraft:stick":72,"minecraft:iron_ingot":85,"minecraft:iron_pickaxe":5,"minecraft:stone_sword":1,"minecraft:gold_ingot":214,"mysticsbiomes:maple_planks":72,"minecraft:wooden_sword":1,"minecraft:golden_chestplate":1,"minecraft:furnace":3,"mysticsbiomes:jacaranda_door":6,"minecraft:iron_hoe":1,"minecraft:stone_pickaxe":10,"minecraft:chiseled_bookshelf":2,"minecraft:diamond_boots":1,"mysticsbiomes:jacaranda_planks":352,"minecraft:golden_helmet":2,"minecraft:crimson_planks":20,"minecraft:diamond_sword":1,"minecraft:iron_sword":2,"minecraft:bucket":7,"minecraft:glowstone":1,"minecraft:air":0,"minecraft:bread":15,"minecraft:golden_apple":11,"meadow:wooden_flower_pot_big":1,"minecraft:wooden_axe":2,"mysticsbiomes:jacaranda_pressure_plate":2,"minecraft:torch":108,"mysticsbiomes:jacaranda_slab":12,"minecraft:diamond_chestplate":1}},"DataVersion":3465}